[
    { "label": "Bath", "value": "Bath" },
    { "label": "Birmingham", "value": "Birmingham" },
    { "label": "Bradford", "value": "Bradford" },
    { "label": "Brighton & Hove", "value": "Brighton-and-hove" },
    { "label": "Bristol", "value": "Bristol" },
    { "label": "Cambridge", "value": "Cambridge" },
    { "label": "Canterbury", "value": "Canterbury" },
    { "label": "Carlisle", "value": "Carlisle" },
    { "label": "Chelmsford", "value": "Chelmsford" },
    { "label": "Chester", "value": "Chester" },
    { "label": "Chichester", "value": "Chichester" },
    { "label": "Colchester", "value": "Colchester" },
    { "label": "Coventry", "value": "Coventry" },
    { "label": "Derby", "value": "Derby" },
    { "label": "Doncaster", "value": "Doncaster" },
    { "label": "Durham", "value": "Durham" },
    { "label": "Ely", "value": "Ely" },
    { "label": "Exeter", "value": "Exeter" },
    { "label": "Gloucester", "value": "Gloucester" },
    { "label": "Hereford", "value": "Hereford" },
    { "label": "Kingston-upon-Hull", "value": "Kingston-upon-hull" },
    { "label": "Lancaster", "value": "Lancaster" },
    { "label": "Leeds", "value": "Leeds" },
    { "label": "Leicester", "value": "Leicester" },
    { "label": "Lichfield", "value": "Lichfield" },
    { "label": "Lincoln", "value": "Lincoln" },
    { "label": "Liverpool", "value": "Liverpool" },
    { "label": "London", "value": "London" },
    { "label": "Manchester", "value": "Manchester" },
    { "label": "Milton Keynes", "value": "Milton-keynes" },
    { "label": "Newcastle-upon-Tyne", "value": "Newcastle-upon-tyne" },
    { "label": "Norwich", "value": "Norwich" },
    { "label": "Nottingham", "value": "Nottingham" },
    { "label": "Oxford", "value": "Oxford" },
    { "label": "Peterborough", "value": "Peterborough" },
    { "label": "Plymouth", "value": "Plymouth" },
    { "label": "Portsmouth", "value": "Portsmouth" },
    { "label": "Preston", "value": "Preston" },
    { "label": "Ripon", "value": "Ripon" },
    { "label": "Salford", "value": "Salford" },
    { "label": "Salisbury", "value": "Salisbury" },
    { "label": "Sheffield", "value": "Sheffield" },
    { "label": "Southampton", "value": "Southampton" },
    { "label": "Southend-on-Sea", "value": "Southend-on-sea" },
    { "label": "St Albans", "value": "St-albans" },
    { "label": "Stoke on Trent", "value": "Stoke-on-trent" },
    { "label": "Sunderland", "value": "Sunderland" },
    { "label": "Truro", "value": "Truro" },
    { "label": "Wakefield", "value": "Wakefield" },
    { "label": "Wells", "value": "Wells" },
    { "label": "Westminster", "value": "Westminster" },
    { "label": "Winchester", "value": "Winchester" },
    { "label": "Wolverhampton", "value": "Wolverhampton" },
    { "label": "Worcester", "value": "Worcester" },
    { "label": "York", "value": "York" },
    { "label": "Armagh", "value": "Armagh" },
    { "label": "Bangor (NI)", "value": "Bangor-ni" },
    { "label": "Belfast", "value": "Belfast" },
    { "label": "Lisburn", "value": "Lisburn" },
    { "label": "Londonderry", "value": "Londonderry" },
    { "label": "Newry", "value": "Newry" },
    { "label": "Aberdeen", "value": "Aberdeen" },
    { "label": "Dundee", "value": "Dundee" },
    { "label": "Dunfermline", "value": "Dunfermline" },
    { "label": "Edinburgh", "value": "Edinburgh" },
    { "label": "Glasgow", "value": "Glasgow" },
    { "label": "Inverness", "value": "Inverness" },
    { "label": "Perth", "value": "Perth" },
    { "label": "Stirling", "value": "Stirling" },
    { "label": "Bangor (Wales)", "value": "Bangor-wales" },
    { "label": "Cardiff", "value": "Cardiff" },
    { "label": "Newport", "value": "Newport" },
    { "label": "St Asaph", "value": "St-asaph" },
    { "label": "St Davids", "value": "St-davids" },
    { "label": "Swansea", "value": "Swansea" },
    { "label": "Wrexham", "value": "Wrexham" },
    { "label": "Isle of Man", "value": "Isle-of-man" },
    { "label": "Douglas", "value": "Douglas" },
    { "label": "Bermuda", "value": "Bermuda" },
    { "label": "Hamilton", "value": "Hamilton" },
    { "label": "Gibraltar", "value": "Gibraltar" },
    { "label": "City of Gibraltar", "value": "City-of-gibraltar" },
    { "label": "Falkland Islands", "value": "Falkland-islands" },
    { "label": "Stanley", "value": "Stanley" },
    { "label": "Saint Helena", "value": "Saint-helena" },
    { "label": "Jamestown", "value": "Jamestown" }
]
